{
  "accuracy": 0.9923034634414514,
  "classification_report": {
    "0": {
      "precision": 1.0,
      "recall": 0.998,
      "f1-score": 0.998998998998999,
      "support": 500.0
    },
    "1": {
      "precision": 0.9826771653543307,
      "recall": 1.0,
      "f1-score": 0.9912629070691025,
      "support": 624.0
    },
    "2": {
      "precision": 0.9919786096256684,
      "recall": 0.9763157894736842,
      "f1-score": 0.9840848806366048,
      "support": 380.0
    },
    "3": {
      "precision": 1.0,
      "recall": 0.9873015873015873,
      "f1-score": 0.9936102236421726,
      "support": 315.0
    },
    "accuracy": 0.9923034634414514,
    "macro avg": {
      "precision": 0.9936639437449998,
      "recall": 0.990404344193818,
      "f1-score": 0.9919892525867198,
      "support": 1819.0
    },
    "weighted avg": {
      "precision": 0.992381760769025,
      "recall": 0.9923034634414514,
      "f1-score": 0.9922963323803263,
      "support": 1819.0
    }
  },
  "label_mapping": {
    "0": "benign",
    "1": "brute_force",
    "2": "c2_beacon",
    "3": "port_scan"
  }
}