{
  "0": {
    "precision": 1.0,
    "recall": 0.9979550102249489,
    "f1-score": 0.9989764585465711,
    "support": 489.0
  },
  "1": {
    "precision": 0.9903691813804173,
    "recall": 1.0,
    "f1-score": 0.9951612903225806,
    "support": 617.0
  },
  "2": {
    "precision": 1.0,
    "recall": 0.9869791666666666,
    "f1-score": 0.9934469200524246,
    "support": 384.0
  },
  "3": {
    "precision": 1.0,
    "recall": 1.0,
    "f1-score": 1.0,
    "support": 329.0
  },
  "accuracy": 0.9967014843320505,
  "macro avg": {
    "precision": 0.9975922953451043,
    "recall": 0.9962335442229039,
    "f1-score": 0.9968961672303941,
    "support": 1819.0
  },
  "weighted avg": {
    "precision": 0.9967332517381625,
    "recall": 0.9967014843320505,
    "f1-score": 0.9967001768325655,
    "support": 1819.0
  }
}